Flatirons Capital Advisors,,,,,,,,,,,
Tombstones,,,,,,,,,,,
,,,,,,,,,,,
,,,,,,,,,,,
,,,,,,,,,,,
,,,,,,,,,,,
Advertising & Marketing,,,Distribution,,,HVAC,,,Pool & Spa,,
Aerospace & Defense,,,Electrical Services,,,IT & Technology,,,Refrigeration,,
Auto Repair,,,Engineering,,,Manufacturing,,,Residential Services,,Add to Industry Tabs
Business Services,,,Environmental Services,,,Oil & Gas,,,Retail / Wholesale ,,Add Wholesale to Retail
Collision & Auto Body,,,Fire & Life Safety,,,Petroleum & Lubricants,,,Roofing,,
Construciton & Building ,,,Healthcare,,,Plumbing,,,Transportation & Logistics,,
,,,,,,,,,Travel & Hospitality,,
,,,,,,,,,,,
,,,,,,,,,,,
,,,,,,,,,,,
Client ,,,,,,Core Business,,,,Industry Tags,
World Resources Distribution,,,,,,Window and Door Materials,,,,"Construction & Building, Distribution, Business Services",
Precision Pool & Spa,,,,,,Pool & Spa Service,,,,"Pool & Spa, Construction",
5th Gear,,,,,,Auto Repair,,,,Auto Repair,
Cummings Electric,,,,,,Electrical Contractor,,,,"Electrical Services, Distribution, Construction & Building",
Pod's Complete Car Care,,,,,,Auto Repair,,,,Auto Repair,
Denver Plumbing & HVAC,,,,,,Plumbing & HVAC,,,,"Plumbing, HVAC, Construction & Building",
thriveMD,,,,,,Concierge Doctor,,,,Healthcare,
Reliable Auto Care,,,,,,Auto Repair,,,,Auto Repair,
AEG Petroleum,,,,,,Petroleum & Lubricant Distributor,,,,"Petroleum & Lubricates, Distribution, Oil & Gas, Transportation & Logistics",
MEC,,,,,,Residential Roofing,,,,"Roofing, Construction & Building",
Stillwater Auto Clinic,,,,,,Auto Repair,,,,Auto Repair,
Precision Auto Works,,,,,,Auto Body Repair,,,,Collision & Auto Body,
The Specialists Automotive & Truck,,,,,,Auto Repair,,,,Auto Repair,
AWE,,,,,,Residential HVAC,,,,"HVAC, Construction & Building",
IVA Environmental Consulting Services,,,,,,Environmental consulting,,,,Environmental Services,
Henrichsen's Fire & Safety Equipment Co,,,,,,Fire & life safety,,,,"Fire & Life Safety, Construction & Building",
ATI Electrical Supply,,,,,,Electrical Supply,,,,"Electrical Services, Distribution, Construction & Building",
Maple Grove Auto Service,,,,,,Auto Repair,,,,Auto Repair,
Go Green Lawn & Pest Control,,,,,,Lawn Service,,,,Residential Services,
PEI,,,,,,IT Consulting,,,,IT & Technology,
Top Gun Collision Experts,,,,,,Auto Body Repair,,,,Collision & Auto Body,
biome Consulting Group,,,,,,Environmental consulting,,,,Environmental Services,
Ecological Resource Consulting Inc,,,,,,Reclamation Services,,,,Environmental Services,
Stratified Environmental & Archaeological Services,,,,,,Environmental consulting,,,,Environmental Services,
Strategic Merchandise Group,,,,,,Wholesale consumer products,,,,Retail / Wholesale,
General Fire Sprinkler Co,,,,,,Fire & life safety,,,,"Fire & Life Safety, Construction & Building",
Coldstar Inc,,,,,,Commercial refrigeration,,,,Refrigeration,
Certified Auto Body Center,,,,,,Auto Body Repair,,,,Collision & Auto Body,
Delta Fire Protection & Equipment,,,,,,Fire & life safety,,,,"Fire & Life Safety, Construction & Building",
Colorado Storage Systems,,,,,,Trailer Rentals,,,,"Business Services, Transportation & Logistics",
SWC,,,,,,Environmental consulting,,,,Environmental Services,
Henry Smith Plumbing Heating & Cooling,,,,,,HVAC,,,,"HVAC, Construction & Building",
Boss Paint & Body,,,,,,Auto Body Repair,,,,Collision & Auto Body,
Zunesis,,,,,,IT Consulting,,,,IT & Technology,
Arizona Verde Fire Protection,,,,,,Fire & life safety,,,,"Fire & Life Safety, Construction & Building",
North American Refrigeration,,,,,,Commercial refrigeration,,,,Refrigeration,
North Shore Fire Equipment,,,,,,Fire & life safety,,,,"Fire & Life Safety, Construction & Building",
Murraysmith Inc,,,,,,Engineering Firm,,,,Engineering,
Remote Learner,,,,,,Online learning solutions,,,,Business Services ,
New West Oil Company,,,,,,Petroleum & Lubricant Distributor,,,,"Petroleum & Lubricates, Distribution, Oil & Gas, Transportation & Logistics",
KMS Inc,,,,,,Wholesale consumer products,,,,Retail / Wholesale,
Kennebec Fire Equipment,,,,,,Fire & life safety,,,,"Fire & Life Safety, Construction & Building",
Integrity Fire,,,,,,Fire & life safety,,,,"Fire & Life Safety, Construction & Building",
Big Bear A/C & Heating,,,,,,Residential HVAC,,,,"HVAC, Construction & Building",
P&J Sprinkler Co,,,,,,Fire & life safety,,,,"Fire & Life Safety, Construction & Building",
Florida Fire Service Co,,,,,,Fire & life safety,,,,"Fire & Life Safety, Construction & Building",
Uniform Technology,,,,,,Safety Equipment & clothing,,,,"Retail / Wholesale, distribution, Environmental Services",
Brenneco Fire Protection,,,,,,Fire & life safety,,,,"Fire & Life Safety, Construction & Building",
SWM International,,,,,,Manufacturer of perforating guns,,,,"Oil & Gas, Manufacturing",
JOBS / AMST,,,,,,Comercial Window Cleaning / Elevator modernization,,,,"Business Service, Construction & Building",
PCS Mobile,,,,,,Telecommunications,,,,"Business Services, IT & Technology",
West Texas Plastics,,,,,,Geomembrane Liners,,,,"Environmental Services, Manufacturing, Construction & Building, Distribution, Business Services, Oil & Gas",
Marc USA,,,,,,Advertising agency,,,,Advertising & Marketing,
BBB Tank Services Inc,,,,,,Tank construction,,,,"Oil & Gas, Manufacturing",
Twilight Services,,,,,,Oil & Gas equipment rental ,,,,"Oil & Gas, Business Services, Transportation & Logistic",
Majewski Transportation,,,,,,Trucking Company,,,,"Transportation & Logistics, Oil & Gas",
Fire Protection Concepts Inc,,,,,,Fire & life safety,,,,"Fire & Life Safety, Construction & Building",
Colorado Lining International,,,,,,Geomembrane Liners,,,,"Environmental Services, Manufacturing, Construction & Building, Distribution, Business Services, Oil & Gas",
OnePoint BPO Services,,,,,,BPO services,,,,"Business Services, IT & Technology",
Saul's Seismic,,,,,,Seismic services,,,,"Business Services, Oil & Gas",
IQDestinations,,,,,,Travel Agency,,,,Travel & Hospitality,
Ceres Technology Group,,,,,,IT Consulting,,,,IT & Technology,
Pacific Cabinets Inc,,,,,,Custom cabinets,,,,"Construction & Building, Distribution, Business Services",
Sound Perfection Inc,,,,,,Audio video equipment,,,,Retail / Wholesale,
Another Line Inc,,,,,,Designer Handbags,,,,Retail / Wholesale,
Mossberg & Midwest Sanitation,,,,,,Waste Management,,,,"Transportation & Logistics, Business Services, Environmental Services",
Metro State Fire,,,,,,Fire & life safety,,,,"Fire & Life Safety, Construction & Building",
Whitworth Tool Inc,,,,,,Precision Machining,,,,"Manufacturing, Engineering",
Inter-American Oil Works Inc,,,,,,Drilling Rig Equipment Manufacturer,,,,"Oil & Gas, Manufacturing",
Permian Fabrication & Services LP,,,,,,Oil well equipment,,,,"Oil & Gas, Manufacturing",
Rocky Mountain Medical Equipment Inc,,,,,,DME ,,,,Healthcare,
Recon Petrotechnologies,,,,,,Well Logging,,,,"Oil &Gas, Engineering, Business Services",
Key Enterprises Inc,,,,,,Licensed accessories,,,,Retail / Wholesale,
Johnston's Corner,,,,,,Truck Stop & Caf√©,,,,"Travel & Hospitality, Petroleum & Lubricants",
Jim Myers Drugs Inc,,,,,,retail pharmacy,,,,"Healthcare, Retail / Wholesale",
Hammer's Quality Business Systems,,,,,,"Promotional Products, print services",,,,Business Services,
Gulf & Basco,,,,,,Kitchen cabinets & appliances,,,,"Distribution, Retail / Wholesale, Construction & Building",
Essco Discount Drugs,,,,,,retail pharmacy,,,,Healthcare,
BLR Further,,,,,,Advertising agency,,,,Advertising & Marketing,
Digital Imaging & Laser Products,,,,,,Copy service & printers,,,,Business Services,
Burlington Pharmacy Healthcare,,,,,,retail pharmacy,,,,"Healthcare, Retail / Wholesale",
Bond Coat Inc,,,,,,Pipe casing,,,,"Oil & Gas, Construction & Building",
Asher Agency,,,,,,Advertising agency,,,,Advertising & Marketing,
The Arnold Agency,,,,,,Advertising agency,,,,Advertising & Marketing,
Signal One Fire & Communications,,,,,,Fire & life safety,,,,"Fire & Life Safety, Construction & Building",
Breckenridge Ski Enterprises Inc,,,,,,Retail ski apparrel,,,,Retail / Wholesale,
UCH Pharmaceutical Services,,,,,,retail pharmacy,,,,"Healthcare, Retail / Wholesale",
Vancouver Oil Company,,,,,,Petroleum & Lubricant Distributor,,,,"Petroleum & Lubricates, Distribution, Oil & Gas, Transportation & Logistics",
Bid4Vacations.com,,,,,,online travel agency,,,,Travel & Hospitality,
SimAuthor Inc,,,,,,Aerospace,,,,Aerospace & Defense,